sensor_type,sensor_number,coef_1,coef_2,coef_3,coef_4,coef_5,coef_6,coef_7,coef_8,coef_clear,coef_nir
Calibration,1,3.916067941105744,4.540775002901742,6.356520650544656,5.873454815490502,6.383070512231889,5.844187486673903,,,6.362705404583997,3.743926169582209
Calibration,2,34.76135055662475,21.097057003082806,17.6546564469306,14.543893167607466,12.222659060268844,9.179365731090384,,,11.40553352868044,7.269065632125866
Calibration,3,34.41021092523726,20.958324387248293,17.75947146365735,14.051088434517794,12.031352471124396,9.75773777446338,,,11.306200006677942,8.138532306097833
Calibration,4,36.97073569643011,25.092140609745513,21.173048650731097,17.084558694852106,14.117624616623377,10.868468164486933,,,14.283270261501116,11.22656385436416
